accessionVersion	sampleCollectionDate	geoLocCountry	geoLocAdmin1	geoLocAdmin2	dataUseTerms	source
FJ591158.1	2008	USA			OPEN	NCBI
FN598217.1	2002-02-22	Belgium			OPEN	NCBI
JN211121.1	2006-01	Netherlands			OPEN	NCBI
JN211122.1	2009-02	Netherlands			OPEN	NCBI
JN211123.1	2004-04	Netherlands			OPEN	NCBI
JN211124.1	2009-01	Netherlands			OPEN	NCBI
JN211125.1	2003-03	Netherlands			OPEN	NCBI
JN211126.1	2009-02	Netherlands			OPEN	NCBI
JN211127.1	2003-04	Netherlands			OPEN	NCBI
JN211128.1	2006-03	Netherlands			OPEN	NCBI
JN211129.1	2004-01	Netherlands			OPEN	NCBI
JN211130.1	2003-07	Netherlands			OPEN	NCBI
JN211131.1	2006-02	Netherlands			OPEN	NCBI
JN211132.1	2006-02	Netherlands			OPEN	NCBI
JN211133.1	2009-03	Netherlands			OPEN	NCBI
JN211134.1	2004-07	Netherlands			OPEN	NCBI
JN211135.1	2008-07	Netherlands			OPEN	NCBI
JN211136.1	2008-06	Netherlands			OPEN	NCBI
JN211137.1	2009-05	Netherlands			OPEN	NCBI
JN211138.1	2003-12	Netherlands			OPEN	NCBI
JN211139.1	2003-12	Netherlands			OPEN	NCBI
JN211140.1	2009-04	Netherlands			OPEN	NCBI
JN211141.1	2006-06	Netherlands			OPEN	NCBI
JN211142.1	2009-04	Netherlands			OPEN	NCBI
JN211143.1	2006-04	Netherlands			OPEN	NCBI
JN211144.1	2004-02	Netherlands			OPEN	NCBI
JN211145.1	2006-03	Netherlands			OPEN	NCBI
JN211146.1	2009-05	Netherlands			OPEN	NCBI
JN211147.1	2006-06	Netherlands			OPEN	NCBI
JN211148.1	2008-05	Netherlands			OPEN	NCBI
JN211149.1	2004-11	Netherlands			OPEN	NCBI
JN211150.1	2004-03	Netherlands			OPEN	NCBI
JN211151.1	2004-04	Netherlands			OPEN	NCBI
JN211152.1	2009-05	Netherlands			OPEN	NCBI
JN211153.1	2004-06	Netherlands			OPEN	NCBI
JN211154.1	2003-04	Netherlands			OPEN	NCBI
JN211155.1	2003-04	Netherlands			OPEN	NCBI
JN211156.1	2009-07	Netherlands			OPEN	NCBI
JN211157.1	2003-04	Netherlands			OPEN	NCBI
JN211158.1	2009-08	Netherlands			OPEN	NCBI
JN211159.1	2009-07	Netherlands			OPEN	NCBI
JN211160.1	2004-09	Netherlands			OPEN	NCBI
JN211161.1	2006-07	Netherlands			OPEN	NCBI
JN211162.1	2004-10	Netherlands			OPEN	NCBI
JN211163.1	2003-07	Netherlands			OPEN	NCBI
JN211164.1	2006-05	Netherlands			OPEN	NCBI
JN211165.1	2009-08	Netherlands			OPEN	NCBI
JN211166.1	2006-04	Netherlands			OPEN	NCBI
JN211167.1	2003-05	Netherlands			OPEN	NCBI
JN211168.1	2008-06	Netherlands			OPEN	NCBI
JN211169.1	2006-03	Netherlands			OPEN	NCBI
JN211170.1	2003-05	Netherlands			OPEN	NCBI
JN211171.1	2008-12	Netherlands			OPEN	NCBI
JN211172.1	2008-12	Netherlands			OPEN	NCBI
JN211173.1	2006-09	Netherlands			OPEN	NCBI
JN211174.1	2009-08	Netherlands			OPEN	NCBI
JN211175.1	2008-07	Netherlands			OPEN	NCBI
JN211176.1	2004-07	Netherlands			OPEN	NCBI
JN211177.1	2004-12	Netherlands			OPEN	NCBI
JN211178.1	2008-10	Netherlands			OPEN	NCBI
JN211179.1	2006-07	Netherlands			OPEN	NCBI
JN211180.1	2003-08	Netherlands			OPEN	NCBI
JN211181.1	2004-01	Netherlands			OPEN	NCBI
JN211182.1	2004-06	Netherlands			OPEN	NCBI
JN211183.1	2003-12	Netherlands			OPEN	NCBI
JN211184.1	2004-04	Netherlands			OPEN	NCBI
JN211185.1	2003-04	Netherlands			OPEN	NCBI
KC013303.1	2007	Brazil			OPEN	NCBI
KC013305.1	2010	Brazil			OPEN	NCBI
KC013308.1	2009	Brazil			OPEN	NCBI
KC013312.1	2008	Brazil			OPEN	NCBI
KC013313.1	2009	Brazil			OPEN	NCBI
KC013314.1	2009	Brazil			OPEN	NCBI
KC013316.1	2009	Brazil			OPEN	NCBI
KC013321.1	2009	Brazil			OPEN	NCBI
KC013322.1	2009	Brazil			OPEN	NCBI
KC013324.1	2009	Brazil			OPEN	NCBI
KC013325.1	2010	Brazil			OPEN	NCBI
KC013327.1	2010	Brazil			OPEN	NCBI
KC013329.1	2009	Brazil			OPEN	NCBI
KC013331.1	2009	Brazil			OPEN	NCBI
KC013332.1	2008	Brazil			OPEN	NCBI
KC013333.1	2010	Brazil			OPEN	NCBI
KC013338.1	2009	Brazil			OPEN	NCBI
KC013340.1	2007	Brazil			OPEN	NCBI
KC013343.1	2007	Brazil			OPEN	NCBI
KC013344.1	2009	Brazil			OPEN	NCBI
KC013346.1	2010	Brazil			OPEN	NCBI
KC013351.1	2010	Brazil			OPEN	NCBI
KM393163.1	2013	USA			OPEN	NCBI
KM393164.1	2013	USA			OPEN	NCBI
KM393165.1	2013	USA			OPEN	NCBI
KM393166.1	2013	USA			OPEN	NCBI
KM393167.1	2013	USA			OPEN	NCBI
KM393168.1	2013	USA			OPEN	NCBI
KM393169.1	2013	USA			OPEN	NCBI
KR005640.1	2011	Serbia			OPEN	NCBI
KR005641.1	2011	Serbia			OPEN	NCBI
KR005642.1	2011	Serbia			OPEN	NCBI
KR005643.1	2009	Serbia			OPEN	NCBI
KR005644.1	2012	Serbia			OPEN	NCBI
KT310174.1	2014	China			OPEN	NCBI
MH151117.1	2017-07	China			OPEN	NCBI
MH201455.1	2009	USA			OPEN	NCBI
MH201456.1	2009	USA			OPEN	NCBI
MN096573.1	2008	Belarus			OPEN	NCBI
MN096574.1	2013	Belarus			OPEN	NCBI
MN096575.1	2010	Belarus			OPEN	NCBI
MN096576.1	2010	Belarus			OPEN	NCBI
MN105993.1	2013	Belarus			OPEN	NCBI
MN737621.1	2013	Belarus			OPEN	NCBI
MN746294.1	2013	Belarus			OPEN	NCBI
MN746295.1	2014	Belarus			OPEN	NCBI
MN746296.1	2013	Belarus			OPEN	NCBI
MN765167.1	2015	Tanzania			OPEN	NCBI
MN765168.1	2015	Tanzania			OPEN	NCBI
MN765169.1	2015	Tanzania			OPEN	NCBI
MN765170.1	2015	Tanzania			OPEN	NCBI
MT410185.1	2015	Finland			OPEN	NCBI
MT410187.1	2015	Finland			OPEN	NCBI
MT410189.1	2015	Finland			OPEN	NCBI
MT682520.1	2015	Finland			OPEN	NCBI
MT988400.1	2015	Finland			OPEN	NCBI
MT988402.1	2015	Finland			OPEN	NCBI
MZ695225.1	2021-01-05	China			OPEN	NCBI
MZ695226.1	2021-02-15	China			OPEN	NCBI
MZ695227.1	2021-02-15	China			OPEN	NCBI
MZ695228.1	2021-02-15	China			OPEN	NCBI
MZ695229.1	2021-02-15	China			OPEN	NCBI
MZ695230.1	2021-02-15	China			OPEN	NCBI
MZ695231.1	2021-02-15	China			OPEN	NCBI
MZ695232.1	2021-02-15	China			OPEN	NCBI
MZ736616.1	2021-02-15	China			OPEN	NCBI
MZ736617.1	2021-02-15	China			OPEN	NCBI
MZ736618.1	2021-01-05	China			OPEN	NCBI
MZ736619.1	2021-01-05	China			OPEN	NCBI
MZ736620.1	2021-01-05	China			OPEN	NCBI
MZ736621.1	2021-01-05	China			OPEN	NCBI
MZ736622.1	2021-01-05	China			OPEN	NCBI
MZ736623.1	2021-01-05	China			OPEN	NCBI
OL672523.1	2018-03-31	Brazil	Cuiaba/MT		OPEN	NCBI
OL672524.1	2018-03-31	Brazil	Cuiaba/MT		OPEN	NCBI
OL672525.1	2018-05-30	Brazil	Cuiaba/MT		OPEN	NCBI
OL672526.1	2018-03-31	Brazil	Cuiaba/MT		OPEN	NCBI
OL672527.1	2018-02-28	Brazil	Mato Grosso		OPEN	NCBI
OL672528.1	2018-02-28	Brazil	Mato Grosso		OPEN	NCBI
ON023020.1	2015	Finland			OPEN	NCBI
ON023022.1	2015	Finland			OPEN	NCBI
ON023026.1	2015	Finland			OPEN	NCBI
ON113045.1	2021-10-09	China	Changchun	Jilin	OPEN	NCBI
OR123962.1	2019-06-15	Brazil			OPEN	NCBI
OR138119.1	2017	France			OPEN	NCBI
OR138120.1	2017	France			OPEN	NCBI
OR138121.1	2017	France			OPEN	NCBI
OR138122.1	2019	France			OPEN	NCBI
OR200802.1	2019	Brazil			OPEN	NCBI
OR533486.1	2018	China			OPEN	NCBI
OR533487.1	2019	China			OPEN	NCBI
OR533488.1	2019	China			OPEN	NCBI
OR533489.1	2019	China			OPEN	NCBI
OR533490.1	2018	China			OPEN	NCBI
OR533491.1	2011	China			OPEN	NCBI
OR533492.1	2013	China			OPEN	NCBI
OR578523.1	2017-11-15	Brazil	Mato Grosso do Sul	Eldorado	OPEN	NCBI
OR578524.1	2018-07-25	Brazil	Mato Grosso do Sul	Campo Grande	OPEN	NCBI
OR578525.1	2017-07-05	Brazil	Mato Grosso do Sul	Dourados	OPEN	NCBI
OR578526.1	2017-10-22	Brazil	Mato Grosso do Sul	Eldorado	OPEN	NCBI
OR661220.1	2017-12-06	Argentina			OPEN	NCBI
OR664019.1	2023	India			OPEN	NCBI
OR800006.1	2019-06-26	Senegal			OPEN	NCBI
PP818758.1	2024-01	France			OPEN	NCBI
PQ058619.1	2024-05-14	Italy			OPEN	NCBI
PQ058620.1	2024-04-26	Italy			OPEN	NCBI
PQ058621.1	2024-05-25	Italy			OPEN	NCBI
PQ058622.1	2024-05-08	Italy			OPEN	NCBI
PQ058623.1	2024-05-21	Italy			OPEN	NCBI
PQ058625.1	2024-05-23	Italy			OPEN	NCBI
PQ155931.1	2023-02	Hungary			OPEN	NCBI
PQ155932.1	2023-10	Hungary			OPEN	NCBI
PQ155933.1	2024-02	Hungary			OPEN	NCBI
PQ155934.1	2024-03	Hungary			OPEN	NCBI
PQ155936.1	2024-04	Hungary			OPEN	NCBI
PQ155937.1	2024-04	Hungary			OPEN	NCBI
PQ155938.1	2024-05	Hungary			OPEN	NCBI
PQ155939.1	2024-04	Hungary			OPEN	NCBI
PQ605424.1	2019	China	Jinan		OPEN	NCBI
PQ660663.1	2024	Italy			OPEN	NCBI
PQ660664.1	2024	Italy			OPEN	NCBI
PQ660665.1	2024	Italy			OPEN	NCBI
PQ660666.1	2024	Italy			OPEN	NCBI
PQ660667.1	2024	Italy			OPEN	NCBI
PQ660668.1	2024	Italy			OPEN	NCBI
PQ660669.1	2024	Italy			OPEN	NCBI
PQ660670.1	2024	Italy			OPEN	NCBI
PQ660671.1	2024	Italy			OPEN	NCBI
PQ660672.1	2024	Italy			OPEN	NCBI
PQ660673.1	2024	Italy			OPEN	NCBI
PQ660674.1	2024	Italy			OPEN	NCBI
PQ660675.1	2024	Italy			OPEN	NCBI
PQ660676.1	2024	Italy			OPEN	NCBI
PQ660677.1	2024	Italy			OPEN	NCBI
PQ660678.1	2024	Italy			OPEN	NCBI
PQ660679.1	2024	Italy			OPEN	NCBI
PQ660680.1	2024	Italy			OPEN	NCBI
PQ660681.1	2024	Italy			OPEN	NCBI
PQ660682.1	2024	Italy			OPEN	NCBI
PQ660683.1	2024	Italy			OPEN	NCBI
PQ660684.1	2024	Italy			OPEN	NCBI
PV031965.1	2023-08-28	France			OPEN	NCBI
PV031966.1	2023-09-05	France			OPEN	NCBI
PV031967.1	2023-05-19	France			OPEN	NCBI
PV031968.1	2023-05-31	France			OPEN	NCBI
PV031969.1	2023-06-22	France			OPEN	NCBI
PV031970.1	2023-08-14	France			OPEN	NCBI
PV031971.1	2023-11-16	France			OPEN	NCBI
PV031972.1	2023-12-06	France			OPEN	NCBI
PV031973.1	2024-01-20	France			OPEN	NCBI
PV031974.1	2024-04-02	France			OPEN	NCBI
PV031975.1	2024-04-04	France			OPEN	NCBI
PV031976.1	2023-07-24	France			OPEN	NCBI
PV031977.1	2024-01-11	France			OPEN	NCBI
PV031978.1	2024-01-18	France			OPEN	NCBI
PV031979.1	2024-01-19	France			OPEN	NCBI
PV031980.1	2024-02-05	France			OPEN	NCBI
PV031981.1	2024-03-12	France			OPEN	NCBI
PV031982.1	2024-03-13	France			OPEN	NCBI
PV031983.1	2024-03-29	France			OPEN	NCBI
PV031984.1	2024-03-31	France			OPEN	NCBI
PV031985.1	2024-02-06	France			OPEN	NCBI
PV031986.1	2023-11-01	France			OPEN	NCBI
PV031987.1	2024-02-23	France			OPEN	NCBI
PV290877.1	2024	Germany			OPEN	NCBI
PV290878.1	2024	Germany			OPEN	NCBI
PV290879.1	2024	Germany			OPEN	NCBI
PV290880.1	2024	Germany			OPEN	NCBI
PV290881.1	2024	Germany			OPEN	NCBI
PV290882.1	2024	Germany			OPEN	NCBI
PV290883.1	2024	Germany			OPEN	NCBI
PV290884.1	2024	Germany			OPEN	NCBI
PV555125.1	2019-09-01	China			OPEN	NCBI
PV555126.1	2019-09-01	China			OPEN	NCBI
PV555127.1	2019-09-01	China			OPEN	NCBI
PV555128.1	2019-09-01	China			OPEN	NCBI
PV555129.1	2019-09-01	China			OPEN	NCBI
PV555130.1	2019-09-01	China			OPEN	NCBI
PV555131.1	2019-09-01	China			OPEN	NCBI
PV872136.1	2025-04-15	Netherlands			OPEN	NCBI
PV872137.1	2024-03-27	Netherlands			OPEN	NCBI
PV872138.1	2024-04	Netherlands			OPEN	NCBI
PV872139.1	2024-05-29	Netherlands			OPEN	NCBI
PV872140.1	2024-06-25	Netherlands			OPEN	NCBI
PV872141.1	2024-06-25	Netherlands			OPEN	NCBI
PX246262.1	2024-10-15	China			OPEN	NCBI
PX246263.1	2025-01-06	China			OPEN	NCBI
PX246264.1	2025-02-25	China			OPEN	NCBI
PX246265.1	2025-02-24	China			OPEN	NCBI
PX246266.1	2025-05-26	China			OPEN	NCBI
PX246267.1	2025-07-10	China			OPEN	NCBI
PX404546.1	2015-10-16	Mauritius			OPEN	NCBI
PX404547.1	2013-03-11	Mauritius			OPEN	NCBI
PX404548.1	2015-12-28	Mauritius			OPEN	NCBI
PX404549.1	2015-10-16	Mauritius			OPEN	NCBI
PX404550.1	2016-09-02	Mauritius			OPEN	NCBI
PX404551.1	2015-09-07	France			OPEN	NCBI
PX404552.1	2015-12-02	France			OPEN	NCBI
PX404553.1	2016-03-21	France			OPEN	NCBI
PX404554.1	2017-04-15	France			OPEN	NCBI
PX404555.1	2016-04-27	Honduras			OPEN	NCBI
PX404556.1	2016-05-12	Honduras			OPEN	NCBI
PX610326.1	2025	USA	Illinois		OPEN	NCBI
PX610327.1	2025	USA	Illinois		OPEN	NCBI
PX647871.1	2024-06-27	Bulgaria			OPEN	NCBI
PX647872.1	2024-07-18	Bulgaria			OPEN	NCBI
PX647873.1	2024-07-23	Bulgaria			OPEN	NCBI
PX647874.1	2024-07-08	Bulgaria			OPEN	NCBI
PX647875.1	2024-08-11	Bulgaria			OPEN	NCBI
PX647876.1	2024-06-11	Bulgaria			OPEN	NCBI
PX647877.1	2024-08-01	Bulgaria			OPEN	NCBI
PX737888.1	2024	Greece			OPEN	NCBI
PX737889.1	2024	Greece			OPEN	NCBI
PX737890.1	2024	Greece			OPEN	NCBI
PX737891.1	2024	Greece			OPEN	NCBI
PX737892.1	2024	Greece			OPEN	NCBI
PX737893.1	2024	Greece			OPEN	NCBI
PX737894.1	2024	Greece			OPEN	NCBI
PX737895.1	2024	Greece			OPEN	NCBI
PX737896.1	2024	Greece			OPEN	NCBI
PZ012576.1	2017-07-27	France			OPEN	NCBI
PZ012577.1	2017-12-14	France			OPEN	NCBI
PZ012578.1	2018-04-10	France			OPEN	NCBI
PZ012579.1	2019-07-08	France			OPEN	NCBI
PZ012580.1	2019-07-16	France			OPEN	NCBI
PZ012581.1	2023-02-16	France			OPEN	NCBI
PZ012582.1	2023-03-27	France			OPEN	NCBI
PZ012583.1	2023-05-01	France			OPEN	NCBI
PZ012584.1	2023-05-10	France			OPEN	NCBI
PZ012585.1	2023-05-22	France			OPEN	NCBI
PZ012586.1	2023-05-23	France			OPEN	NCBI
PZ012587.1	2023-06-06	France			OPEN	NCBI
PZ012588.1	2023-06-26	France			OPEN	NCBI
PZ012589.1	2023-06-26	France			OPEN	NCBI
PZ012590.1	2023-07-03	France			OPEN	NCBI
PZ012591.1	2023-07-05	France			OPEN	NCBI
PZ012592.1	2023-07-07	France			OPEN	NCBI
PZ012593.1	2023-07-18	France			OPEN	NCBI
PZ012594.1	2023-08-07	France			OPEN	NCBI
PZ012595.1	2023-08-10	France			OPEN	NCBI
PZ012596.1	2023-08-23	France			OPEN	NCBI
PZ012597.1	2023-08-25	France			OPEN	NCBI
PZ012598.1	2023-09-04	France			OPEN	NCBI
PZ012599.1	2023-09-19	France			OPEN	NCBI
PZ012600.1	2023-09-20	France			OPEN	NCBI
PZ012601.1	2023-09-21	France			OPEN	NCBI
PZ012602.1	2023-10-11	France			OPEN	NCBI
PZ012603.1	2023-10-17	France			OPEN	NCBI
PZ012604.1	2023-10-25	France			OPEN	NCBI
PZ012605.1	2023-11-08	France			OPEN	NCBI
PZ012606.1	2023-11-11	France			OPEN	NCBI
PZ012607.1	2023-11-10	France			OPEN	NCBI
PZ012608.1	2023-11-24	France			OPEN	NCBI
PZ012609.1	2023-11-30	France			OPEN	NCBI
PZ012610.1	2023-12-17	France			OPEN	NCBI
PZ012611.1	2024-01-04	France			OPEN	NCBI
PZ012612.1	2024-01-05	France			OPEN	NCBI
PZ012613.1	2024-01-08	France			OPEN	NCBI
PZ012614.1	2024-01-11	France			OPEN	NCBI
PZ012615.1	2024-01-12	France			OPEN	NCBI
PZ012616.1	2024-01-15	France			OPEN	NCBI
PZ012617.1	2024-01-15	France			OPEN	NCBI
PZ012618.1	2024-01-17	France			OPEN	NCBI
PZ012619.1	2024-01-22	France			OPEN	NCBI
PZ012620.1	2024-01-22	France			OPEN	NCBI
PZ012621.1	2024-02-13	France			OPEN	NCBI
PZ012622.1	2024-02-16	France			OPEN	NCBI
PZ012623.1	2024-02-20	France			OPEN	NCBI
PZ012624.1	2024-02-22	France			OPEN	NCBI
PZ012625.1	2024-02-23	France			OPEN	NCBI
PZ012626.1	2024-03-04	France			OPEN	NCBI
PZ012627.1	2024-03-07	France			OPEN	NCBI
PZ012628.1	2024-03-19	France			OPEN	NCBI
PZ012629.1	2024-03-25	France			OPEN	NCBI
PZ012630.1	2024-04-08	France			OPEN	NCBI
PZ012631.1	2024-04-16	France			OPEN	NCBI
PZ012632.1	2024-04-25	France			OPEN	NCBI
PZ012633.1	2024-04-27	France			OPEN	NCBI
PZ012634.1	2024-04-29	France			OPEN	NCBI
PZ012635.1	2024-04-28	France			OPEN	NCBI
PZ012636.1	2024-05-27	France			OPEN	NCBI
PZ012637.1	2024-06-09	France			OPEN	NCBI
PZ012638.1	2024-06-10	France			OPEN	NCBI
PZ012639.1	2024-06-12	France			OPEN	NCBI
PZ012640.1	2024-06-12	France			OPEN	NCBI
PZ012641.1	2024-06-17	France			OPEN	NCBI
PZ012642.1	2024-06-26	France			OPEN	NCBI
PZ012643.1	2024-07-08	France			OPEN	NCBI
PZ012644.1	2024-07-15	France			OPEN	NCBI
PZ012645.1	2024-08-01	France			OPEN	NCBI
PZ012646.1	2024-08-27	France			OPEN	NCBI
PZ012647.1	2024-08-26	France			OPEN	NCBI
PZ012648.1	2024-09-23	France			OPEN	NCBI
PZ012649.1	2024-10-15	France			OPEN	NCBI
PZ012650.1	2024-10-21	France			OPEN	NCBI
PZ012651.1	2024-10-28	France			OPEN	NCBI
PZ012652.1	2025-01-08	France			OPEN	NCBI
PZ012653.1	2024-03-21	France			OPEN	NCBI
PZ012654.1	2024-06-20	France			OPEN	NCBI
PZ012655.1	2024-04-11	France			OPEN	NCBI
PZ012656.1	2024-05-07	France			OPEN	NCBI
PZ012657.1	2024-05-30	France			OPEN	NCBI
PZ012658.1	2024-03-08	France			OPEN	NCBI
PZ012659.1	2024-06-26	France			OPEN	NCBI
PZ012660.1	2024-06-03	France			OPEN	NCBI
PZ012661.1	2024-04-18	France			OPEN	NCBI
PZ012662.1	2024-09-27	France			OPEN	NCBI
PZ012663.1	2024-02-02	France			OPEN	NCBI
PZ012664.1	2024-06-04	France			OPEN	NCBI
parvo_03_2017	2017	Brazil	Rio Grande do Sul		OPEN	novas_RS
parvo_07_2017	2017	Brazil	Rio Grande do Sul		OPEN	novas_RS
parvo_1097_2018	2018	Brazil	Rio Grande do Sul		OPEN	novas_RS
parvo_1154_2018	2018	Brazil	Rio Grande do Sul		OPEN	novas_RS
parvo_11_2017	2017	Brazil	Rio Grande do Sul		OPEN	novas_RS
parvo_123_2017	2017	Brazil	Rio Grande do Sul		OPEN	novas_RS
parvo_123_2018	2018	Brazil	Rio Grande do Sul		OPEN	novas_RS
parvo_126_2018	2018	Brazil	Rio Grande do Sul		OPEN	novas_RS
parvo_142_2016	2016	Brazil	Rio Grande do Sul		OPEN	novas_RS
parvo_157_2015	2015	Brazil	Rio Grande do Sul		OPEN	novas_RS
parvo_15_2017	2017	Brazil	Rio Grande do Sul		OPEN	novas_RS
parvo_160_2015	2015	Brazil	Rio Grande do Sul		OPEN	novas_RS
parvo_176_2015	2015	Brazil	Rio Grande do Sul		OPEN	novas_RS
parvo_176_2020	2020	Brazil	Rio Grande do Sul		OPEN	novas_RS
parvo_215_2015	2015	Brazil	Rio Grande do Sul		OPEN	novas_RS
parvo_21_2017	2017	Brazil	Rio Grande do Sul		OPEN	novas_RS
parvo_258_2016	2016	Brazil	Rio Grande do Sul		OPEN	novas_RS
parvo_30_2016	2016	Brazil	Rio Grande do Sul		OPEN	novas_RS
parvo_313_2020	2020	Brazil	Rio Grande do Sul		OPEN	novas_RS
parvo_314_2017	2017	Brazil	Rio Grande do Sul		OPEN	novas_RS
parvo_322_2017	2017	Brazil	Rio Grande do Sul		OPEN	novas_RS
parvo_364_2017	2017	Brazil	Rio Grande do Sul		OPEN	novas_RS
parvo_366_2020	2020	Brazil	Rio Grande do Sul		OPEN	novas_RS
parvo_40_2017	2017	Brazil	Rio Grande do Sul		OPEN	novas_RS
parvo_410_2017	2017	Brazil	Rio Grande do Sul		OPEN	novas_RS
parvo_438_2016	2016	Brazil	Rio Grande do Sul		OPEN	novas_RS
parvo_46_2017	2017	Brazil	Rio Grande do Sul		OPEN	novas_RS
parvo_478_2017	2017	Brazil	Rio Grande do Sul		OPEN	novas_RS
parvo_497_2016	2016	Brazil	Rio Grande do Sul		OPEN	novas_RS
parvo_509_2017	2017	Brazil	Rio Grande do Sul		OPEN	novas_RS
parvo_604_2016	2016	Brazil	Rio Grande do Sul		OPEN	novas_RS
parvo_605_2016	2016	Brazil	Rio Grande do Sul		OPEN	novas_RS
parvo_608_2016	2016	Brazil	Rio Grande do Sul		OPEN	novas_RS
parvo_623_2016	2016	Brazil	Rio Grande do Sul		OPEN	novas_RS
parvo_641_2016	2016	Brazil	Rio Grande do Sul		OPEN	novas_RS
parvo_661_2016	2016	Brazil	Rio Grande do Sul		OPEN	novas_RS
parvo_670_2016	2016	Brazil	Rio Grande do Sul		OPEN	novas_RS
parvo_681_2016	2016	Brazil	Rio Grande do Sul		OPEN	novas_RS
parvo_701_2016	2016	Brazil	Rio Grande do Sul		OPEN	novas_RS
parvo_709_2016	2016	Brazil	Rio Grande do Sul		OPEN	novas_RS
parvo_714_2016	2016	Brazil	Rio Grande do Sul		OPEN	novas_RS
parvo_SR299_2022	2022	Brazil	Rio Grande do Sul		OPEN	novas_RS
parvo_SR300_2022	2022	Brazil	Rio Grande do Sul		OPEN	novas_RS
parvo_SR51_2022	2022	Brazil	Rio Grande do Sul		OPEN	novas_RS
parvo_SR562_2016	2016	Brazil	Rio Grande do Sul		OPEN	novas_RS
parvo_SR567_2016	2016	Brazil	Rio Grande do Sul		OPEN	novas_RS
parvo_SR65_2022	2022	Brazil	Rio Grande do Sul		OPEN	novas_RS
