strain	date	country	division	location	host	authors	source
PX404556.1	2016-05-12	Honduras			human	Yamaguchi et al	NCBI
PX404555.1	2016-04-27	Honduras			human	Yamaguchi et al	NCBI
PX404554.1	2017-04-15	France			human	Yamaguchi et al	NCBI
PX404553.1	2016-03-21	France			human	Yamaguchi et al	NCBI
PX404552.1	2015-12-02	France			human	Yamaguchi et al	NCBI
PX404551.1	2015-09-07	France			human	Yamaguchi et al	NCBI
PX404550.1	2016-09-02	Mauritius			human	Yamaguchi et al	NCBI
PX404549.1	2015-10-16	Mauritius			human	Yamaguchi et al	NCBI
PX404548.1	2015-12-28	Mauritius			human	Yamaguchi et al	NCBI
PX404547.1	2013-03-11	Mauritius			human	Yamaguchi et al	NCBI
PX404546.1	2015-10-16	Mauritius			human	Yamaguchi et al	NCBI
PZ012664.1	2024-06-04	France			human	N'Debi et al	NCBI
PZ012663.1	2024-02-02	France			human	N'Debi et al	NCBI
PZ012662.1	2024-09-27	France			human	N'Debi et al	NCBI
PZ012661.1	2024-04-18	France			human	N'Debi et al	NCBI
PZ012660.1	2024-06-03	France			human	N'Debi et al	NCBI
PZ012659.1	2024-06-26	France			human	N'Debi et al	NCBI
PZ012658.1	2024-03-08	France			human	N'Debi et al	NCBI
PZ012657.1	2024-05-30	France			human	N'Debi et al	NCBI
PZ012656.1	2024-05-07	France			human	N'Debi et al	NCBI
PZ012655.1	2024-04-11	France			human	N'Debi et al	NCBI
PZ012654.1	2024-06-20	France			human	N'Debi et al	NCBI
PZ012653.1	2024-03-21	France			human	N'Debi et al	NCBI
PZ012652.1	2025-01-08	France			human	N'Debi et al	NCBI
PZ012651.1	2024-10-28	France			human	N'Debi et al	NCBI
PZ012650.1	2024-10-21	France			human	N'Debi et al	NCBI
PZ012649.1	2024-10-15	France			human	N'Debi et al	NCBI
PZ012648.1	2024-09-23	France			human	N'Debi et al	NCBI
PZ012647.1	2024-08-26	France			human	N'Debi et al	NCBI
PZ012646.1	2024-08-27	France			human	N'Debi et al	NCBI
PZ012645.1	2024-08-01	France			human	N'Debi et al	NCBI
PZ012644.1	2024-07-15	France			human	N'Debi et al	NCBI
PZ012643.1	2024-07-08	France			human	N'Debi et al	NCBI
PZ012642.1	2024-06-26	France			human	N'Debi et al	NCBI
PZ012641.1	2024-06-17	France			human	N'Debi et al	NCBI
PZ012640.1	2024-06-12	France			human	N'Debi et al	NCBI
PZ012639.1	2024-06-12	France			human	N'Debi et al	NCBI
PZ012638.1	2024-06-10	France			human	N'Debi et al	NCBI
PZ012637.1	2024-06-09	France			human	N'Debi et al	NCBI
PZ012636.1	2024-05-27	France			human	N'Debi et al	NCBI
PZ012635.1	2024-04-28	France			human	N'Debi et al	NCBI
PZ012634.1	2024-04-29	France			human	N'Debi et al	NCBI
PZ012633.1	2024-04-27	France			human	N'Debi et al	NCBI
PZ012632.1	2024-04-25	France			human	N'Debi et al	NCBI
PZ012631.1	2024-04-16	France			human	N'Debi et al	NCBI
PZ012630.1	2024-04-08	France			human	N'Debi et al	NCBI
PZ012629.1	2024-03-25	France			human	N'Debi et al	NCBI
PZ012628.1	2024-03-19	France			human	N'Debi et al	NCBI
PZ012627.1	2024-03-07	France			human	N'Debi et al	NCBI
PZ012626.1	2024-03-04	France			human	N'Debi et al	NCBI
PZ012625.1	2024-02-23	France			human	N'Debi et al	NCBI
PZ012624.1	2024-02-22	France			human	N'Debi et al	NCBI
PZ012623.1	2024-02-20	France			human	N'Debi et al	NCBI
PZ012622.1	2024-02-16	France			human	N'Debi et al	NCBI
PZ012621.1	2024-02-13	France			human	N'Debi et al	NCBI
PZ012620.1	2024-01-22	France			human	N'Debi et al	NCBI
PZ012619.1	2024-01-22	France			human	N'Debi et al	NCBI
PZ012618.1	2024-01-17	France			human	N'Debi et al	NCBI
PZ012617.1	2024-01-15	France			human	N'Debi et al	NCBI
PZ012616.1	2024-01-15	France			human	N'Debi et al	NCBI
PZ012615.1	2024-01-12	France			human	N'Debi et al	NCBI
PZ012614.1	2024-01-11	France			human	N'Debi et al	NCBI
PZ012613.1	2024-01-08	France			human	N'Debi et al	NCBI
PZ012612.1	2024-01-05	France			human	N'Debi et al	NCBI
PZ012611.1	2024-01-04	France			human	N'Debi et al	NCBI
PZ012610.1	2023-12-17	France			human	N'Debi et al	NCBI
PZ012609.1	2023-11-30	France			human	N'Debi et al	NCBI
PZ012608.1	2023-11-24	France			human	N'Debi et al	NCBI
PZ012607.1	2023-11-10	France			human	N'Debi et al	NCBI
PZ012606.1	2023-11-11	France			human	N'Debi et al	NCBI
PZ012605.1	2023-11-08	France			human	N'Debi et al	NCBI
PZ012604.1	2023-10-25	France			human	N'Debi et al	NCBI
PZ012603.1	2023-10-17	France			human	N'Debi et al	NCBI
PZ012602.1	2023-10-11	France			human	N'Debi et al	NCBI
PZ012601.1	2023-09-21	France			human	N'Debi et al	NCBI
PZ012600.1	2023-09-20	France			human	N'Debi et al	NCBI
PZ012599.1	2023-09-19	France			human	N'Debi et al	NCBI
PZ012598.1	2023-09-04	France			human	N'Debi et al	NCBI
PZ012597.1	2023-08-25	France			human	N'Debi et al	NCBI
PZ012596.1	2023-08-23	France			human	N'Debi et al	NCBI
PZ012595.1	2023-08-10	France			human	N'Debi et al	NCBI
PZ012594.1	2023-08-07	France			human	N'Debi et al	NCBI
PZ012593.1	2023-07-18	France			human	N'Debi et al	NCBI
PZ012592.1	2023-07-07	France			human	N'Debi et al	NCBI
PZ012591.1	2023-07-05	France			human	N'Debi et al	NCBI
PZ012590.1	2023-07-03	France			human	N'Debi et al	NCBI
PZ012589.1	2023-06-26	France			human	N'Debi et al	NCBI
PZ012588.1	2023-06-26	France			human	N'Debi et al	NCBI
PZ012587.1	2023-06-06	France			human	N'Debi et al	NCBI
PZ012586.1	2023-05-23	France			human	N'Debi et al	NCBI
PZ012585.1	2023-05-22	France			human	N'Debi et al	NCBI
PZ012584.1	2023-05-10	France			human	N'Debi et al	NCBI
PZ012583.1	2023-05-01	France			human	N'Debi et al	NCBI
PZ012582.1	2023-03-27	France			human	N'Debi et al	NCBI
PZ012581.1	2023-02-16	France			human	N'Debi et al	NCBI
PZ012580.1	2019-07-16	France			human	N'Debi et al	NCBI
PZ012579.1	2019-07-08	France			human	N'Debi et al	NCBI
PZ012578.1	2018-04-10	France			human	N'Debi et al	NCBI
PZ012577.1	2017-12-14	France			human	N'Debi et al	NCBI
PZ012576.1	2017-07-27	France			human	N'Debi et al	NCBI
PX737896.1	2024-XX-XX	Greece			human	Giosi et al	NCBI
PX737895.1	2024-XX-XX	Greece			human	Giosi et al	NCBI
PX737894.1	2024-XX-XX	Greece			human	Giosi et al	NCBI
PX737893.1	2024-XX-XX	Greece			human	Giosi et al	NCBI
PX737892.1	2024-XX-XX	Greece			human	Giosi et al	NCBI
PX737891.1	2024-XX-XX	Greece			human	Giosi et al	NCBI
PX737890.1	2024-XX-XX	Greece			human	Giosi et al	NCBI
PX737889.1	2024-XX-XX	Greece			human	Giosi et al	NCBI
PX737888.1	2024-XX-XX	Greece			human	Giosi et al	NCBI
PX890980.1	2016-XX-XX	United Kingdom			human	Pochon et al	NCBI
PX890979.1	2016-XX-XX	United Kingdom			human	Pochon et al	NCBI
PX890978.1	2022-XX-XX	Sweden			human	Pochon et al	NCBI
PX647877.1	2024-08-01	Bulgaria			human	Trifonova et al	NCBI
PX647876.1	2024-06-11	Bulgaria			human	Trifonova et al	NCBI
PX647875.1	2024-08-11	Bulgaria			human	Trifonova et al	NCBI
PX647874.1	2024-07-08	Bulgaria			human	Trifonova et al	NCBI
PX647873.1	2024-07-23	Bulgaria			human	Trifonova et al	NCBI
PX647872.1	2024-07-18	Bulgaria			human	Trifonova et al	NCBI
PX647871.1	2024-06-27	Bulgaria			human	Trifonova et al	NCBI
PX610327.1	2025-XX-XX	USA	Illinois		human	Green et al	NCBI
PX610326.1	2025-XX-XX	USA	Illinois		human	Green et al	NCBI
PQ605424.1	2019-XX-XX	China	Jinan		human	Song et al	NCBI
PX246267.1	2025-07-10	China			human	Chen et al	NCBI
PX246266.1	2025-05-26	China			human	Chen et al	NCBI
PX246265.1	2025-02-24	China			human	Chen et al	NCBI
PX246264.1	2025-02-25	China			human	Chen et al	NCBI
PX246263.1	2025-01-06	China			human	Chen et al	NCBI
PX246262.1	2024-10-15	China			human	Chen et al	NCBI
PV872141.1	2024-06-25	Netherlands			human	Maissan et al	NCBI
PV872140.1	2024-06-25	Netherlands			human	Maissan et al	NCBI
PV872139.1	2024-05-29	Netherlands			human	Maissan et al	NCBI
PV872138.1	2024-04-XX	Netherlands			human	Maissan et al	NCBI
PV872137.1	2024-03-27	Netherlands			human	Maissan et al	NCBI
PV872136.1	2025-04-15	Netherlands			human	Maissan et al	NCBI
PQ058625.1	2024-05-23	Italy			human	Amendola et al	NCBI
PQ058623.1	2024-05-21	Italy			human	Amendola et al	NCBI
PQ058622.1	2024-05-08	Italy			human	Amendola et al	NCBI
PQ058621.1	2024-05-25	Italy			human	Amendola et al	NCBI
PQ058620.1	2024-04-26	Italy			human	Amendola et al	NCBI
PQ058619.1	2024-05-14	Italy			human	Amendola et al	NCBI
PV555131.1	2019-09-01	China			human	Li et al	NCBI
PV555130.1	2019-09-01	China			human	Li et al	NCBI
PV555129.1	2019-09-01	China			human	Li et al	NCBI
PV555128.1	2019-09-01	China			human	Li et al	NCBI
PV555127.1	2019-09-01	China			human	Li et al	NCBI
PV555126.1	2019-09-01	China			human	Li et al	NCBI
PV555125.1	2019-09-01	China			human	Li et al	NCBI
PV290884.1	2024-XX-XX	Germany			human	Seidel et al	NCBI
PV290883.1	2024-XX-XX	Germany			human	Seidel et al	NCBI
PV290882.1	2024-XX-XX	Germany			human	Seidel et al	NCBI
PV290881.1	2024-XX-XX	Germany			human	Seidel et al	NCBI
PV290880.1	2024-XX-XX	Germany			human	Seidel et al	NCBI
PV290879.1	2024-XX-XX	Germany			human	Seidel et al	NCBI
PV290878.1	2024-XX-XX	Germany			human	Seidel et al	NCBI
PV290877.1	2024-XX-XX	Germany			human	Seidel et al	NCBI
PQ155939.1	2024-04-XX	Hungary			human	Toth et al	NCBI
PQ155938.1	2024-05-XX	Hungary			human	Toth et al	NCBI
PQ155937.1	2024-04-XX	Hungary			human	Toth et al	NCBI
PQ155936.1	2024-04-XX	Hungary			human	Toth et al	NCBI
PQ155934.1	2024-03-XX	Hungary			human	Toth et al	NCBI
PQ155933.1	2024-02-XX	Hungary			human	Toth et al	NCBI
PQ155932.1	2023-10-XX	Hungary			human	Toth et al	NCBI
PQ155931.1	2023-02-XX	Hungary			human	Toth et al	NCBI
PV031987.1	2024-02-23	France			human	Coupry et al	NCBI
PV031986.1	2023-11-01	France			human	Coupry et al	NCBI
PV031985.1	2024-02-06	France			human	Coupry et al	NCBI
PV031984.1	2024-03-31	France			human	Coupry et al	NCBI
PV031983.1	2024-03-29	France			human	Coupry et al	NCBI
PV031982.1	2024-03-13	France			human	Coupry et al	NCBI
PV031981.1	2024-03-12	France			human	Coupry et al	NCBI
PV031980.1	2024-02-05	France			human	Coupry et al	NCBI
PV031979.1	2024-01-19	France			human	Coupry et al	NCBI
PV031978.1	2024-01-18	France			human	Coupry et al	NCBI
PV031977.1	2024-01-11	France			human	Coupry et al	NCBI
PV031976.1	2023-07-24	France			human	Coupry et al	NCBI
PV031975.1	2024-04-04	France			human	Coupry et al	NCBI
PV031974.1	2024-04-02	France			human	Coupry et al	NCBI
PV031973.1	2024-01-20	France			human	Coupry et al	NCBI
PV031972.1	2023-12-06	France			human	Coupry et al	NCBI
PV031971.1	2023-11-16	France			human	Coupry et al	NCBI
PV031970.1	2023-08-14	France			human	Coupry et al	NCBI
PV031969.1	2023-06-22	France			human	Coupry et al	NCBI
PV031968.1	2023-05-31	France			human	Coupry et al	NCBI
PV031967.1	2023-05-19	France			human	Coupry et al	NCBI
PV031966.1	2023-09-05	France			human	Coupry et al	NCBI
PV031965.1	2023-08-28	France			human	Coupry et al	NCBI
PQ660684.1	2024-XX-XX	Italy			human	Beligni et al	NCBI
PQ660683.1	2024-XX-XX	Italy			human	Beligni et al	NCBI
PQ660682.1	2024-XX-XX	Italy			human	Beligni et al	NCBI
PQ660681.1	2024-XX-XX	Italy			human	Beligni et al	NCBI
PQ660680.1	2024-XX-XX	Italy			human	Beligni et al	NCBI
PQ660679.1	2024-XX-XX	Italy			human	Beligni et al	NCBI
PQ660678.1	2024-XX-XX	Italy			human	Beligni et al	NCBI
PQ660677.1	2024-XX-XX	Italy			human	Beligni et al	NCBI
PQ660676.1	2024-XX-XX	Italy			human	Beligni et al	NCBI
PQ660675.1	2024-XX-XX	Italy			human	Beligni et al	NCBI
PQ660674.1	2024-XX-XX	Italy			human	Beligni et al	NCBI
PQ660673.1	2024-XX-XX	Italy			human	Beligni et al	NCBI
PQ660672.1	2024-XX-XX	Italy			human	Beligni et al	NCBI
PQ660671.1	2024-XX-XX	Italy			human	Beligni et al	NCBI
PQ660670.1	2024-XX-XX	Italy			human	Beligni et al	NCBI
PQ660669.1	2024-XX-XX	Italy			human	Beligni et al	NCBI
PQ660668.1	2024-XX-XX	Italy			human	Beligni et al	NCBI
PQ660667.1	2024-XX-XX	Italy			human	Beligni et al	NCBI
PQ660666.1	2024-XX-XX	Italy			human	Beligni et al	NCBI
PQ660665.1	2024-XX-XX	Italy			human	Beligni et al	NCBI
PQ660664.1	2024-XX-XX	Italy			human	Beligni et al	NCBI
PQ660663.1	2024-XX-XX	Italy			human	Beligni et al	NCBI
PP818758.1	2024-01-XX	France			human	Andreani et al	NCBI
OR800008.1	2019-11-07	Senegal			human	Levine et al	NCBI
OR800006.1	2019-06-26	Senegal			human	Levine et al	NCBI
OR661220.1	2017-12-06	Argentina			human	Colazo-Salbetti et al	NCBI
OR664019.1	2023-XX-XX	India			human	Kumari et al	NCBI
OR578526.1	2017-10-22	Brazil	Mato Grosso do Sul	Eldorado	human	Lichs et al	NCBI
OR578525.1	2017-07-05	Brazil	Mato Grosso do Sul	Dourados	human	Lichs et al	NCBI
OR578524.1	2018-07-25	Brazil	Mato Grosso do Sul	Campo Grande	human	Lichs et al	NCBI
OR578523.1	2017-11-15	Brazil	Mato Grosso do Sul	Eldorado	human	Lichs et al	NCBI
OR533492.1	2013-XX-XX	China				Jiang et al	NCBI
OR533491.1	2011-XX-XX	China				Jiang et al	NCBI
OR533490.1	2018-XX-XX	China				Jiang et al	NCBI
OR533489.1	2019-XX-XX	China				Jiang et al	NCBI
OR533488.1	2019-XX-XX	China				Jiang et al	NCBI
OR533487.1	2019-XX-XX	China				Jiang et al	NCBI
OR533486.1	2018-XX-XX	China				Jiang et al	NCBI
OR200802.1	2019-XX-XX	Brazil			human	Ferreira et al	NCBI
OR123962.1	2019-06-15	Brazil			human	Santos et al	NCBI
OR138122.1	2019-XX-XX	France			human	Alidjinou et al	NCBI
OR138121.1	2017-XX-XX	France			human	Alidjinou et al	NCBI
OR138120.1	2017-XX-XX	France			human	Alidjinou et al	NCBI
OR138119.1	2017-XX-XX	France			human	Alidjinou et al	NCBI
ON023027.1	2015-XX-XX	Finland			human	Pyoria et al	NCBI
ON023025.1	2015-XX-XX	Finland			human	Pyoria et al	NCBI
ON023023.1	2015-XX-XX	Finland			human	Pyoria et al	NCBI
ON023021.1	2015-XX-XX	Finland			human	Pyoria et al	NCBI
ON023019.1	2015-XX-XX	Finland			human	Pyoria et al	NCBI
ON023018.1	2015-XX-XX	Finland			human	Pyoria et al	NCBI
ON023026.1	2015-XX-XX	Finland			human	Pyoria et al	NCBI
ON023024.1	2015-XX-XX	Finland			human	Pyoria et al	NCBI
ON023022.1	2015-XX-XX	Finland			human	Pyoria et al	NCBI
ON023020.1	2015-XX-XX	Finland			human	Pyoria et al	NCBI
ON113045.1	2021-10-09	China	Changchun	Jilin	human	Xu et al	NCBI
MZ736623.1	2021-01-05	China			human	Qian et al	NCBI
MZ736621.1	2021-01-05	China			human	Qian et al	NCBI
MZ736620.1	2021-01-05	China			human	Qian et al	NCBI
MZ736619.1	2021-01-05	China			human	Qian et al	NCBI
MZ736618.1	2021-01-05	China			human	Qian et al	NCBI
MZ736622.1	2021-01-05	China			human	Qian et al	NCBI
MZ736617.1	2021-02-15	China			human	Qian et al	NCBI
MZ736616.1	2021-02-15	China			human	Qian et al	NCBI
MZ695232.1	2021-02-15	China			human	Yanan et al	NCBI
MZ695231.1	2021-02-15	China			human	Yanan et al	NCBI
MZ695230.1	2021-02-15	China			human	Yanan et al	NCBI
MZ695229.1	2021-02-15	China			human	Yanan et al	NCBI
MZ695228.1	2021-02-15	China			human	Yanan et al	NCBI
MZ695227.1	2021-02-15	China			human	Yanan et al	NCBI
MZ695226.1	2021-02-15	China			human	Yanan et al	NCBI
MZ695225.1	2021-01-05	China			human	yanan et al	NCBI
OL672526.1	2018-03-31	Brazil	Cuiaba/MT		human	Santos et al	NCBI
OL672525.1	2018-05-30	Brazil	Cuiaba/MT		human	Santos et al	NCBI
OL672524.1	2018-03-31	Brazil	Cuiaba/MT		human	Santos et al	NCBI
OL672523.1	2018-03-31	Brazil	Cuiaba/MT		human	Santos et al	NCBI
OL672528.1	2018-02-28	Brazil	Mato Grosso		human	Santos et al	NCBI
OL672527.1	2018-02-28	Brazil	Mato Grosso		human	Santos et al	NCBI
MN765171.1	2015-XX-XX	Tanzania			human	Cordey et al	NCBI
MN765170.1	2015-XX-XX	Tanzania			human	Cordey et al	NCBI
MN765169.1	2015-XX-XX	Tanzania			human	Cordey et al	NCBI
MN765168.1	2015-XX-XX	Tanzania			human	Cordey et al	NCBI
MN765167.1	2015-XX-XX	Tanzania			human	Cordey et al	NCBI
MT988403.1	2015-XX-XX	Finland			human	Toppinen et al	NCBI
MT988402.1	2015-XX-XX	Finland			human	Toppinen et al	NCBI
MT988401.1	2015-XX-XX	Finland			human	Toppinen et al	NCBI
MT988400.1	2015-XX-XX	Finland			human	Toppinen et al	NCBI
MT988399.1	2015-XX-XX	Finland			human	Toppinen et al	NCBI
MT988398.1	2015-XX-XX	Finland			human	Toppinen et al	NCBI
MT988397.1	2015-XX-XX	Finland			human	Toppinen et al	NCBI
MK989716.1	XXXX-XX-XX	Kenya			human	Phan et al	NCBI
MN746296.1	2013-XX-XX	Belarus			human	Yermalovich et al	NCBI
MN746295.1	2014-XX-XX	Belarus			human	Yermalovich et al	NCBI
MN746294.1	2013-XX-XX	Belarus			human	Yermalovich et al	NCBI
MN737621.1	2013-XX-XX	Belarus			human	Yermalovich et al	NCBI
MT682520.1	2015-XX-XX	Finland			human	Pratas et al	NCBI
MT410190.1	2015-XX-XX	Finland			human	Toppinen et al	NCBI
MT410189.1	2015-XX-XX	Finland			human	Toppinen et al	NCBI
MT410188.1	2015-XX-XX	Finland			human	Toppinen et al	NCBI
MT410187.1	2015-XX-XX	Finland			human	Toppinen et al	NCBI
MT410186.1	2015-XX-XX	Finland			human	Toppinen et al	NCBI
MT410185.1	2015-XX-XX	Finland			human	Toppinen et al	NCBI
MT410184.1	2015-XX-XX	Finland			human	Toppinen et al	NCBI
MN096576.1	2010-XX-XX	Belarus			human	Yermalovich et al	NCBI
MN096575.1	2010-XX-XX	Belarus			human	Yermalovich et al	NCBI
MN096574.1	2013-XX-XX	Belarus			human	Yermalovich et al	NCBI
MN096573.1	2008-XX-XX	Belarus			human	Yermalovich et al	NCBI
MN105993.1	2013-XX-XX	Belarus			human	Yermalovich et al	NCBI
MH201456.1	2009-XX-XX	USA				Matz et al	NCBI
MH201455.1	2009-XX-XX	USA				Matz et al	NCBI
MH151117.1	2017-07-XX	China				Jia et al	NCBI
KX752821.1	XXXX-XX-XX	USA			human	Fryer et al	NCBI
LN680968.2	XXXX-XX-XX	Bulgaria				Ivanova et al	NCBI
KT268312.1	XXXX-XX-XX	Brazil			human	Conteville et al	NCBI
KT310174.1	2014-XX-XX	China			human	Zhang et al	NCBI
KR005644.1	2012-XX-XX	Serbia			human	Knezevic et al	NCBI
KR005643.1	2009-XX-XX	Serbia			human	Joksic et al	NCBI
KR005642.1	2011-XX-XX	Serbia			human	Stamenkovic et al	NCBI
KR005641.1	2011-XX-XX	Serbia			human	Stamenkovic et al	NCBI
KR005640.1	2011-XX-XX	Serbia			human	Stamenkovic et al	NCBI
KM065415.1	XXXX-XX-XX	Germany			human	Trosemeier et al	NCBI
KM393169.1	2013-XX-XX	USA			human	Qiu et al	NCBI
KM393168.1	2013-XX-XX	USA			human	Qiu et al	NCBI
KM393167.1	2013-XX-XX	USA			human	Qiu et al	NCBI
KM393166.1	2013-XX-XX	USA			human	Qiu et al	NCBI
KM393165.1	2013-XX-XX	USA			human	Qiu et al	NCBI
KM393164.1	2013-XX-XX	USA			human	Qiu et al	NCBI
KM393163.1	2013-XX-XX	USA			human	Qiu et al	NCBI
KF724387.1	2008-XX-XX	Germany			human	Eis-Hubinger et al	NCBI
KF724386.1	2006-XX-XX	Germany			human	Eis-Hubinger et al	NCBI
AY903437.2	XXXX-XX-XX	Germany				Blumel et al	NCBI
KC013351.1	2010-XX-XX	Brazil			human	da Costa et al	NCBI
KC013346.1	2010-XX-XX	Brazil			human	da Costa et al	NCBI
KC013344.1	2009-XX-XX	Brazil			human	da Costa et al	NCBI
KC013343.1	2007-XX-XX	Brazil			human	da Costa et al	NCBI
KC013340.1	2007-XX-XX	Brazil			human	da Costa et al	NCBI
KC013338.1	2009-XX-XX	Brazil			human	da Costa et al	NCBI
KC013333.1	2010-XX-XX	Brazil			human	da Costa et al	NCBI
KC013332.1	2008-XX-XX	Brazil			human	da Costa et al	NCBI
KC013331.1	2009-XX-XX	Brazil			human	da Costa et al	NCBI
KC013329.1	2009-XX-XX	Brazil			human	da Costa et al	NCBI
KC013328.1	2009-XX-XX	Brazil			human	da Costa et al	NCBI
KC013327.1	2010-XX-XX	Brazil			human	da Costa et al	NCBI
KC013326.1	2010-XX-XX	Brazil			human	da Costa et al	NCBI
KC013325.1	2010-XX-XX	Brazil			human	da Costa et al	NCBI
KC013324.1	2009-XX-XX	Brazil			human	da Costa et al	NCBI
KC013323.1	2010-XX-XX	Brazil			human	da Costa et al	NCBI
KC013322.1	2009-XX-XX	Brazil			human	da Costa et al	NCBI
KC013321.1	2009-XX-XX	Brazil			human	da Costa et al	NCBI
KC013316.1	2009-XX-XX	Brazil			human	da Costa et al	NCBI
KC013315.1	2010-XX-XX	Brazil			human	da Costa et al	NCBI
KC013314.1	2009-XX-XX	Brazil			human	da Costa et al	NCBI
KC013313.1	2009-XX-XX	Brazil			human	da Costa et al	NCBI
KC013312.1	2008-XX-XX	Brazil			human	da Costa et al	NCBI
KC013310.1	2009-XX-XX	Brazil			human	da Costa et al	NCBI
KC013308.1	2009-XX-XX	Brazil			human	da Costa et al	NCBI
KC013306.1	2009-XX-XX	Brazil			human	da Costa et al	NCBI
KC013305.1	2010-XX-XX	Brazil			human	da Costa et al	NCBI
KC013303.1	2007-XX-XX	Brazil			human	da Costa et al	NCBI
FJ265736.1	2007-02-XX	USA			human	Rinckel et al	NCBI
JN211130.1	2003-07-XX	Netherlands			human	Molenaar-de Backer et al	NCBI
JN211129.1	2004-01-XX	Netherlands			human	Molenaar-de Backer et al	NCBI
JN211128.1	2006-03-XX	Netherlands			human	Molenaar-de Backer et al	NCBI
JN211127.1	2003-04-XX	Netherlands			human	Molenaar-de Backer et al	NCBI
JN211126.1	2009-02-XX	Netherlands			human	Molenaar-de Backer et al	NCBI
JN211125.1	2003-03-XX	Netherlands			human	Molenaar-de Backer et al	NCBI
JN211124.1	2009-01-XX	Netherlands			human	Molenaar-de Backer et al	NCBI
JN211123.1	2004-04-XX	Netherlands			human	Molenaar-de Backer et al	NCBI
JN211122.1	2009-02-XX	Netherlands			human	Molenaar-de Backer et al	NCBI
JN211121.1	2006-01-XX	Netherlands			human	Molenaar-de Backer et al	NCBI
JN211185.1	2003-04-XX	Netherlands			human	Molenaar-de Backer et al	NCBI
JN211184.1	2004-04-XX	Netherlands			human	Molenaar-de Backer et al	NCBI
JN211183.1	2003-12-XX	Netherlands			human	Molenaar-de Backer et al	NCBI
JN211182.1	2004-06-XX	Netherlands			human	Molenaar-de Backer et al	NCBI
JN211181.1	2004-01-XX	Netherlands			human	Molenaar-de Backer et al	NCBI
JN211180.1	2003-08-XX	Netherlands			human	Molenaar-de Backer et al	NCBI
JN211179.1	2006-07-XX	Netherlands			human	Molenaar-de Backer et al	NCBI
JN211178.1	2008-10-XX	Netherlands			human	Molenaar-de Backer et al	NCBI
JN211177.1	2004-12-XX	Netherlands			human	Molenaar-de Backer et al	NCBI
JN211176.1	2004-07-XX	Netherlands			human	Molenaar-de Backer et al	NCBI
JN211175.1	2008-07-XX	Netherlands			human	Molenaar-de Backer et al	NCBI
JN211174.1	2009-08-XX	Netherlands			human	Molenaar-de Backer et al	NCBI
JN211173.1	2006-09-XX	Netherlands			human	Molenaar-de Backer et al	NCBI
JN211172.1	2008-12-XX	Netherlands			human	Molenaar-de Backer et al	NCBI
JN211171.1	2008-12-XX	Netherlands			human	Molenaar-de Backer et al	NCBI
JN211170.1	2003-05-XX	Netherlands			human	Molenaar-de Backer et al	NCBI
JN211169.1	2006-03-XX	Netherlands			human	Molenaar-de Backer et al	NCBI
JN211168.1	2008-06-XX	Netherlands			human	Molenaar-de Backer et al	NCBI
JN211167.1	2003-05-XX	Netherlands			human	Molenaar-de Backer et al	NCBI
JN211166.1	2006-04-XX	Netherlands			human	Molenaar-de Backer et al	NCBI
JN211165.1	2009-08-XX	Netherlands			human	Molenaar-de Backer et al	NCBI
JN211164.1	2006-05-XX	Netherlands			human	Molenaar-de Backer et al	NCBI
JN211163.1	2003-07-XX	Netherlands			human	Molenaar-de Backer et al	NCBI
JN211162.1	2004-10-XX	Netherlands			human	Molenaar-de Backer et al	NCBI
JN211161.1	2006-07-XX	Netherlands			human	Molenaar-de Backer et al	NCBI
JN211160.1	2004-09-XX	Netherlands			human	Molenaar-de Backer et al	NCBI
JN211159.1	2009-07-XX	Netherlands			human	Molenaar-de Backer et al	NCBI
JN211158.1	2009-08-XX	Netherlands			human	Molenaar-de Backer et al	NCBI
JN211157.1	2003-04-XX	Netherlands			human	Molenaar-de Backer et al	NCBI
JN211156.1	2009-07-XX	Netherlands			human	Molenaar-de Backer et al	NCBI
JN211155.1	2003-04-XX	Netherlands			human	Molenaar-de Backer et al	NCBI
JN211154.1	2003-04-XX	Netherlands			human	Molenaar-de Backer et al	NCBI
JN211153.1	2004-06-XX	Netherlands			human	Molenaar-de Backer et al	NCBI
JN211152.1	2009-05-XX	Netherlands			human	Molenaar-de Backer et al	NCBI
JN211151.1	2004-04-XX	Netherlands			human	Molenaar-de Backer et al	NCBI
JN211150.1	2004-03-XX	Netherlands			human	Molenaar-de Backer et al	NCBI
JN211149.1	2004-11-XX	Netherlands			human	Molenaar-de Backer et al	NCBI
JN211148.1	2008-05-XX	Netherlands			human	Molenaar-de Backer et al	NCBI
JN211147.1	2006-06-XX	Netherlands			human	Molenaar-de Backer et al	NCBI
JN211146.1	2009-05-XX	Netherlands			human	Molenaar-de Backer et al	NCBI
JN211145.1	2006-03-XX	Netherlands			human	Molenaar-de Backer et al	NCBI
JN211144.1	2004-02-XX	Netherlands			human	Molenaar-de Backer et al	NCBI
JN211143.1	2006-04-XX	Netherlands			human	Molenaar-de Backer et al	NCBI
JN211142.1	2009-04-XX	Netherlands			human	Molenaar-de Backer et al	NCBI
JN211141.1	2006-06-XX	Netherlands			human	Molenaar-de Backer et al	NCBI
JN211140.1	2009-04-XX	Netherlands			human	Molenaar-de Backer et al	NCBI
JN211139.1	2003-12-XX	Netherlands			human	Molenaar-de Backer et al	NCBI
JN211138.1	2003-12-XX	Netherlands			human	Molenaar-de Backer et al	NCBI
JN211137.1	2009-05-XX	Netherlands			human	Molenaar-de Backer et al	NCBI
JN211136.1	2008-06-XX	Netherlands			human	Molenaar-de Backer et al	NCBI
JN211135.1	2008-07-XX	Netherlands			human	Molenaar-de Backer et al	NCBI
JN211134.1	2004-07-XX	Netherlands			human	Molenaar-de Backer et al	NCBI
JN211133.1	2009-03-XX	Netherlands			human	Molenaar-de Backer et al	NCBI
JN211132.1	2006-02-XX	Netherlands			human	Molenaar-de Backer et al	NCBI
JN211131.1	2006-02-XX	Netherlands			human	Molenaar-de Backer et al	NCBI
FN669507.1	XXXX-XX-XX	France	Normandy		human	Dina et al	NCBI
FN669506.1	XXXX-XX-XX	France	Normandy		human	Dina et al	NCBI
FN669505.1	XXXX-XX-XX	France	Normandy		human	Dina et al	NCBI
FN669504.1	XXXX-XX-XX	France	Normandy		human	Dina et al	NCBI
FN669503.1	XXXX-XX-XX	France	Normandy		human	Dina et al	NCBI
FN669502.1	XXXX-XX-XX	France	Normandy		human	Dina et al	NCBI
HQ340602.1	2009-07-XX	Germany			human	Utta et al	NCBI
HQ340601.1	2009-07-XX	Germany			human	Utta et al	NCBI
AY504945.1	XXXX-XX-XX	United Kingdom				Norja et al	NCBI
FJ591158.1	2008-XX-XX	USA			human	Chen et al	NCBI
AY582125.2	XXXX-XX-XX	Ghana				Parsyan et al	NCBI
AY582124.2	XXXX-XX-XX	Ghana				Parsyan et al	NCBI
FN598217.1	2002-02-22	Belgium			human	Op de Beeck et al	NCBI
AY647977.1	XXXX-XX-XX	Brazil			human	Keller et al	NCBI
DQ408305.1	XXXX-XX-XX	Germany				Schneider et al	NCBI
DQ408304.1	XXXX-XX-XX	Germany				Schneider et al	NCBI
DQ408303.1	XXXX-XX-XX	Germany				Schneider et al	NCBI
DQ408302.1	XXXX-XX-XX	Germany				Schneider et al	NCBI
DQ408301.1	XXXX-XX-XX	Germany				Schneider et al	NCBI
DQ333428.1	XXXX-XX-XX	Germany				Schneider et al	NCBI
DQ333427.1	XXXX-XX-XX	Germany				Schneider et al	NCBI
DQ333426.1	XXXX-XX-XX	Germany				Schneider et al	NCBI
EF216869.1	XXXX-XX-XX	USA				Baylis et al	NCBI
DQ234779.2	XXXX-XX-XX	Ghana	Kumasi			Parsyan et al	NCBI
DQ234778.2	XXXX-XX-XX	Ghana	Kumasi			Parsyan et al	NCBI
DQ234775.2	XXXX-XX-XX	Ghana	Kumasi			Parsyan et al	NCBI
DQ234771.2	XXXX-XX-XX	Ghana	Kumasi			Parsyan et al	NCBI
DQ234769.2	XXXX-XX-XX	Ghana	Kumasi			Parsyan et al	NCBI
DQ293995.2	XXXX-XX-XX	Belgium				Parsyan et al	NCBI
DQ357065.1	XXXX-XX-XX	Viet Nam				Toan et al	NCBI
DQ357064.1	XXXX-XX-XX	Viet Nam				Toan et al	NCBI
DQ225151.1	XXXX-XX-XX	Germany				Toan et al	NCBI
DQ225150.1	XXXX-XX-XX	Germany				Toan et al	NCBI
DQ225149.1	XXXX-XX-XX	Germany				Toan et al	NCBI
DQ225148.1	XXXX-XX-XX	Germany				Toan et al	NCBI
AJ717293.1	XXXX-XX-XX	Germany	Berlin		human	Liefeldt et al	NCBI
