Primer_Name	Total_Mismatches_0	Total_Mismatches_1	Total_Mismatches_2	Total_Mismatches_3	Total_Mismatches_4_or_more	Mismatches_Last_5nt_0	Mismatches_Last_5nt_1	Mismatches_Last_5nt_2	Mismatches_Last_5nt_3_or_more	Mismatches_Last_3nt_0	Mismatches_Last_3nt_1	Mismatches_Last_3nt_2	Mismatches_Last_3nt_3_or_more
WGS_B19V_0_LEFT	491	1	7	0	4	491	1	11	0	491	1	11	0
WGS_B19V_0_RIGHT	268	152	4	1	78	447	27	21	8	458	41	4	0
WGS_B19V_1_LEFT	233	164	29	24	53	456	44	3	0	493	10	0	0
WGS_B19V_1_RIGHT	416	76	4	0	7	496	0	2	5	496	2	5	0
WGS_B19V_2_LEFT	390	34	6	2	71	454	42	0	7	454	42	7	0
WGS_B19V_2_RIGHT	445	49	0	2	7	495	1	0	7	495	1	0	7
WGS_B19V_3_LEFT	410	68	21	2	2	493	6	4	0	494	9	0	0
WGS_B19V_3_RIGHT	421	66	7	0	9	423	70	4	6	425	69	9	0
WGS_B19V_4_LEFT	271	163	34	4	31	428	56	19	0	467	36	0	0
WGS_B19V_4_RIGHT	391	43	24	42	3	496	7	0	0	496	7	0	0
WGS_B19V_5_LEFT	1	399	55	9	39	493	10	0	0	493	10	0	0
WGS_B19V_5_RIGHT	415	46	29	4	9	425	68	3	7	495	8	0	0
WGS_B19V_6_LEFT	393	35	16	15	44	466	28	2	7	466	37	0	0
WGS_B19V_6_RIGHT	412	20	7	4	60	462	35	6	0	473	27	3	0
WGS_B19V_7_LEFT	335	166	0	0	2	337	166	0	0	500	3	0	0
WGS_B19V_7_RIGHT	489	10	0	4	0	499	4	0	0	499	4	0	0
